"date","a0009","a1019","a2029","a3039","a4049","a5059","a6069","a7079","a8089","a90"
2021-02-17,0,0,0,0,0,0,0,0,0,0
2021-02-18,0,8.03108090027282e-09,2.66481514625887e-06,2.38251439995964e-06,1.40566646795065e-06,7.76241831554136e-07,1.99988339748824e-06,9.201929299309e-08,4.65748351655292e-08,3.62989317938296e-07
2021-02-19,0,2.45871923726492e-08,8.08551573733682e-06,7.22969206199045e-06,4.27404852641567e-06,2.36659556302096e-06,6.10255191357544e-06,2.85168387804263e-07,1.45240671970806e-07,1.12267636737614e-06
2021-02-20,0,5.01926637921375e-08,1.63562625790125e-05,1.46264971190002e-05,8.66450363357812e-06,4.8107763033889e-06,1.24161843229164e-05,5.89459715489848e-07,3.0216696868685e-07,2.31589873112479e-06
2021-02-21,0,8.5404072629424e-08,2.75744103398981e-05,2.46608042443866e-05,1.463879040249e-05,8.15043384268748e-06,2.10545052099011e-05,1.01589690175097e-06,5.24253840060622e-07,3.98291342829408e-06
2021-02-22,0,1.30812227743161e-07,4.18406142572916e-05,3.7423497060437e-05,2.22611651044062e-05,1.24292466224772e-05,3.21370672152517e-05,1.57657287220131e-06,8.19218582206408e-07,6.16771406514905e-06
2021-02-23,0,1.8704427463687e-07,5.92589402943977e-05,5.30085697828077e-05,3.15984819984168e-05,1.76930202430737e-05,4.57895474292832e-05,2.2847776637406e-06,1.19569244192144e-06,8.91837735154819e-06
2021-02-24,0,2.54765930179525e-07,7.99369788525619e-05,7.15132322010369e-05,4.27202976347453e-05,2.3989790723771e-05,6.21440586177723e-05,3.15511690147409e-06,1.66332884286964e-06,1.22874416922571e-05
2021-02-25,0,3.3468385474983e-07,0.000103985962144709,9.30380180976759e-05,5.56989792843919e-05,3.13699327423633e-05,8.13394759971702e-05,4.20364199528347e-06,2.23292442445116e-06,1.63323208105029e-05
2021-02-26,0,4.27548170253417e-07,0.000131520885338732,0.000117686897211271,7.06098176532741e-05,3.98862730907308e-05,0.000103521780307794,5.44799321412405e-06,2.91655440947323e-06,2.11157556315495e-05
2021-02-27,0,5.34155132981473e-07,0.000162660631582153,0.000145567390851127,8.75311440446497e-05,4.95942095941816e-05,0.000128844417966653,6.9075569103036e-06,3.72772399594954e-06,2.67063079487768e-05
2021-02-28,0,6.55349970830505e-07,0.000197528101021961,0.000176790691274482,0.000106544452139407,6.05518357536307e-05,0.000157468679115702,8.60363829138298e-06,4.68153766870344e-06,3.31788997158261e-05
2021-03-01,0,7.92029894987922e-07,0.000236250343936137,0.000211471784939485,0.00012773452456977,7.28200713815784e-05,0.000189564094416606,1.0559651275017e-05,5.79488855041519e-06,4.06154021580971e-05
2021-03-02,0,9.45147296809074e-07,0.000278958698095932,0.000249729579750115,0.0001511895644681,8.64627995152328e-05,0.000225308851479438,1.28013271132174e-05,7.08667016210483e-06,4.91052792776675e-05
2021-03-03,0,1.11571314127044e-06,0.00032578893048061,0.000291687036411962,0.000177001332178765,0.000101547009903024,0.000264890231850274,1.53569436384717e-05,8.57801324286955e-06,5.87462907401778e-05
2021-03-04,0,1.30480056908313e-06,0.000376881383468889,0.000337471304020578,0.000205265287327532,0.000118142949374197,0.00030850506952117,1.82575771663246e-05,1.02925505914452e-05,6.96452595831751e-05
2021-03-05,0,1.51354872029337e-06,0.000432381125633899,0.00038721386000693,0.000236080736449536,0.000136324279415166,0.000356360231965645,2.15373792889737e-05,1.22567132416796e-05,8.1918910675847e-05
2021-03-06,0,1.74316679298456e-06,0.000492438107271026,0.000441050654567237,0.000269550986383729,0.000156168241290882,0.000408673124743429,2.52338810138699e-05,1.45000616745788e-05,9.56947863931941e-05
2021-03-07,0,1.99493835153186e-06,0.000557207320790474,0.000499122259707328,0.000305783503648621,0.000177755829064618,0.000465672220759794,2.93883269420928e-05,1.70556562059866e-05,0.000111112246546913
2021-03-08,0,2.27022589974806e-06,0.000626848966108881,0.000561574023034402,0.000344890080021299,0.00020117197088534,0.000527597615307305,3.4046042445444e-05,1.99604711765139e-05,0.000128323560244197
2021-03-09,0,2.57047573520135e-06,0.000701528621176702,0.000628556226431865,0.000386987004548965,0.000226505718928211,0.000594701608061095,3.92568370909766e-05,2.32558581149589e-05,0.000147495098028155
2021-03-10,0,2.89722310198567e-06,0.000781417417780439,0.000700224249755625,0.0004321952422297,0.000253850448390804,0.000667249313242813,4.50754478794815e-05,2.69880636547521e-05,0.000168808633393635
2021-03-11,0,3.25209766028553e-06,0.000866692222761079,0.000776738739692995,0.000480640619606734,0.00028330406596527,0.00074551929921301,5.15620262129243e-05,3.12088086622498e-05,0.000192462763574146
2021-03-12,0,3.63682929220339e-06,0.000957535824792265,0.00085826578392794,0.000532454017528267,0.000314969228225038,0.000829804258796836,5.87826728878295e-05,3.59759357941302e-05,0.000218674460363734
2021-03-13,0,4.05325426451297e-06,0.00105413712686387,0.000944977090759079,0.000587771571332738,0.000348953570383671,0.000920411711693373,6.68100258302743e-05,4.13541335477638e-05,0.000247680762676635
2021-03-14,0,4.50332177027045e-06,0.00115669134461859,0.00103705017431935,0.000646734878727479,0.000385369945903197,0.00101766474036447,7.57239057468579e-05,4.74157458132681e-05,0.000279740623562017
2021-03-15,0,4.98910087256184e-06,0.00126540021069101,0.00113466854554874,0.00070949121563679,0.000424336677449664,0.00112190276084448,8.56120253684407e-05,5.42416769901371e-05,0.000315136925485926
2021-03-16,0,5.51278787509347e-06,0.0013804721852004,0.00123802190907383,0.000776193760303735,0.000465977819714807,0.00123348232995756,9.65707685135638e-05,6.19224039071623e-05,0.000354178678872421
2021-03-17,0,6.07671414584873e-06,0.00150212267254997,0.00134730636615019,0.000847001825938299,0.000510423434644557,0.00135277799047364,0.000108706045800577,7.0559107095448e-05,0.000397203420165641
2021-03-18,0,6.68335442164339e-06,0.00163057424468675,0.00146272462382581,0.000922081102212937,0.000557809879637733,0.00148018315577831,0.000122134234496244,8.02649354256802e-05,0.000444579827038731
2021-03-19,0,7.33533562311934e-06,0.00176605687097734,0.00158448621048576,0.00100160390591508,0.000608280109301537,0.00161611103567395,0.00013698321070896,9.11664197489839e-05,0.000496710569838501
2021-03-20,0,8.0354462115284e-06,0.00190880815485594,0.0017128076979401,0.00108574944107464,0.000661983991374542,0.00176099560497075,0.000153393482922066,0.000103405052993899,0.00055403541992035
2021-03-21,0,8.78664612058111e-06,0.00205907357740151,0.0018479129302188,0.00117470406889321,0.000719078637452619,0.00191529261656483,0.000171519436722794,0.000117139056190171,0.000617034637199515
2021-03-22,0,9.5920772986754e-06,0.0022171067480017,0.00199003325923892,0.0012686615878101,0.000779728749178725,0.00207948066073724,0.000191530701521291,0.000132545352135039,0.000686232661024709
2021-03-23,0,1.04470438180853e-05,0.00238050484711467,0.00213702527311044,0.00136641785758102,0.000843330738752141,0.00225206238904308,0.000213521631785405,0.000149775196078161,0.000761839141051816
2021-03-24,0,1.1353705591339e-05,0.00254915334154017,0.0022887909728919,0.00146797024402465,0.000909942049553609,0.00243324181353914,0.000237677726414044,0.000169039133216395,0.000844405522604398
2021-03-25,0,1.23152416986378e-05,0.0027232275907619,0.00244549168866021,0.00157347099041577,0.000979708500864963,0.00262345334551735,0.00026421293264075,0.000190577711913238,0.000934573805924159
2021-03-26,0,1.33350266914625e-05,0.00290290862428655,0.00260729405185789,0.00168307834998048,0.00105278291724834,0.00282315284058303,0.000293362291285965,0.000214659878296662,0.00103304475314714
2021-03-27,0,1.44166426075078e-05,0.00308838331198364,0.00277437015891218,0.00179695681522354,0.00112932545904566,0.00303281860417038,0.000325384006615785,0.000241586316438236,0.00114058317809893
2021-03-28,0,1.55638917236313e-05,0.00327984453862665,0.0029468977391527,0.00191527735534734,0.00120950396786617,0.00325295243858591,0.000360561717273781,0.000271693178325292,0.0012580236951007
2021-03-29,0,1.67808100920852e-05,0.00347749138267146,0.00312506032708502,0.00203821766199206,0.00129349432768062,0.00348408073268244,0.000399206987395179,0.000305356248340647,0.00138627696326386
2021-03-30,0,1.80716819080677e-05,0.00368152929930244,0.00330904743907385,0.00216596240352813,0.00138148084215997,0.00372675559522183,0.000441662038740248,0.000342995591898791,0.00152633646498196
2021-03-31,0,1.94410547595702e-05,0.00389217030777023,0.00349905475448489,0.00229870348813311,0.00147365662891554,0.00398155603292884,0.000488302746548606,0.000385080743316796,0.00167928585955347
2021-04-01,0,2.0893755813607e-05,0.0041096331830387,0.00369528430132973,0.00243664033588528,0.00157022403131637,0.00424908917416957,0.000539541923825222,0.000432136493958976,0.0018463069550496
2021-04-02,0,2.24349089962248e-05,0.00433414365175085,0.00389794464645247,0.0025799801601062,0.00167139504857825,0.0045299915391048,0.000595832920928171,0.00048474934822222,0.00202868834362962
2021-04-03,0,2.40699532271884e-05,0.00456593459251526,0.00410725109029074,0.00272893825818309,0.00177739178483663,0.00482493035706901,0.000657673569642822,0.000543574722057123,0.00222783474744143
2021-04-04,0,2.58046617739603e-05,0.00480524624050576,0.0043234258662371,0.00288373831210029,0.00188844691793352,0.00513460493180885,0.000725610503400619,0.000609344966477512,0.00244527712395439
2021-04-05,0,2.76451627935322e-05,0.00505232639635719,0.00454669834461924,0.00304461269890601,0.00200480418866474,0.00545974805507799,0.000800243887934788,0.000682878306920091,0.00268268358096381
2021-04-06,0,2.95979611348475e-05,0.00530743063932938,0.00477730524130933,0.00321180281133686,0.00212671891124997,0.00580112746892633,0.000882232599459056,0.000765088798389236,0.00294187115247319
2021-04-07,0,3.16699614789872e-05,0.00557082254469995,0.00501549083096378,0.0033855593888177,0.00225445850580231,0.00615954737683957,0.000972299890404668,0.000856997406058343,0.00322481848707058
2021-04-08,0,3.3868492898993e-05,0.00584277390533396,0.00526150716488496,0.00356614285904798,0.00238830305358738,0.00653585000367569,0.00107123958584698,0.000959744331378502,0.00353367950011249
2021-04-09,0,3.62013349261842e-05,0.0061235649573649,0.00551561429348568,0.00375382369037847,0.00252854587587344,0.00693091720410785,0.00117992285698165,0.00107460271472229,0.00387079803982745
2021-04-10,0,3.86767452151104e-05,0.00641348460990655,0.00577808049332545,0.00394888275517306,0.00267549413718348,0.00734567211901369,0.00129930562135123,0.00120299385708678,0.00423872361513417
2021-04-11,0,4.13034889048835e-05,0.00671283067869981,0.00604918249867501,0.00415161170433961,0.00282946947376771,0.00778108087894809,0.00143043662294621,0.00134650411527324,0.00464022822928047
2021-04-12,0,4.40908697805696e-05,0.00702191012358112,0.0063292057375518,0.00436231335320172,0.00299080864811919,0.00823815435349563,0.00157446624877109,0.00150690363707467,0.00507832435805418
2021-04-13,0,4.70487633446178e-05,0.00734103928964089,0.00661844457215395,0.00458130207886859,0.00315986423035761,0.00871794994491825,0.00173265614192292,0.00168616711508775,0.00555628410395447
2021-04-14,0,5.01876519149697e-05,0.00767054415192074,0.00691720254360469,0.00480890422924392,0.00333700530730378,0.00922157342408877,0.00190638967460956,0.00188649674948667,0.00607765954795372
2021-04-15,0,5.35186618735673e-05,0.00801076056347686,0.00722579262090108,0.00504545854379622,0.00352261822006259,0.0097501808062295,0.00209718334775112,0.00211034762100551,0.00664630430788498
2021-04-16,0,5.70536031964625e-05,0.00836203450661454,0.00754453745394286,0.00529131658619133,0.00371710733092149,0.0103049802634528,0.00230669918675196,0.00236045568488813,0.00726639629656558
2021-04-17,0,6.08050114046714e-05,0.00872472234707434,0.00787376963049639,0.00554684318886468,0.00392089582035718,0.0108872340705239,0.0025367582055671,0.00263986860393006,0.00794246165296729
2021-04-18,0,6.47861920833221e-05,0.00909919109092459,0.00821383193692767,0.00581241690958371,0.00413442651492243,0.0114982605796324,0.00278935501314917,0.00295197964299921,0.00867939979547074
2021-04-19,0,6.90112681255509e-05,0.00948581864388737,0.00856507762251455,0.00608843050002116,0.0043581627467585,0.0121394362192612,0.0030666736375468,0.00330056484738414,0.00948250951685497
2021-04-20,0,7.3495229867033e-05,0.00988499407279559,0.00892787066712373,0.00637529138632702,0.00459258924544471,0.0128121975114843,0.0033711046430859,0.00368982372149249,0.0103575160054967
2021-04-21,0,7.82539882870223e-05,0.0102971178688474,0.00930258605201135,0.0066734221616499,0.00483821306285591,0.0135180431011884,0.00370526361490547,0.00412442361098174,0.011310598635593
2021-04-22,0,8.33044314623496e-05,0.0107226022122911,0.00968961003347751,0.006983261090518,0.00509556453164823,0.014258535789818,0.00407201108228564,0.00460954796813383,0.0123484193203887
2021-04-23,0,8.86644844720216e-05,0.0111618712381382,0.0100893404190747,0.00730526262494547,0.00536519825793448,0.0150353045652586,0.00447447394727964,0.00515094864452552,0.013478151165731
2021-04-24,0,9.4353172961915e-05,0.0116153613024644,0.0105021868460377,0.00763989793208009,0.00564769414864064,0.0158500466184202,0.00491606847765244,0.00575500230365135,0.0147075070962237
2021-04-25,0,0.000100390690591595,0.0120835212488207,0.010928571061568,0.007987655433155,0.00594365847395348,0.0167045293359432,0.00540052491246426,0.00642877097545337,0.0160447680523765
2021-04-26,0,0.000106798470598556,0.0125668126742309,0.0113689272045693,0.0083490413534475,0.0062537249651754,0.0176005922572261,0.00593191371415965,0.00718006668049009,0.0174988102742109
2021-04-27,0,0.000113599261729215,0.0130657101942127,0.0118237020883917,0.00872458028288404,0.00657855594819453,0.0185401489826686,0.00651467348197776,0.00801751992900213,0.0190791310948812
2021-04-28,0,0.000120817208800827,0.0135807017062074,0.0122933554841007,0.00911481574686005,0.00691884351265488,0.0195251890186314,0.00715364051703858,0.00895065174421515,0.0207958725674363
2021-04-29,0,0.000128477938174184,0.0141122886507604,0.0127783604037442,0.00952031078676709,0.00727531071677152,0.020557779543136,0.00785407999863681,0.00998994866435768,0.0226598421399059
2021-04-30,0,0.000136608648433542,0.0146609862697357,0.0132792033830436,0.00994164854963693,0.00764871282757765,0.0216400670747632,0.00862171869305112,0.0111469399384822,0.0246825294800438
2021-05-01,0,0.000145238206587758,0.0152273238608011,0.0137963847628873,0.0103794328862227,0.00803983859621257,0.0227742790255713,0.00946277906943628,0.0124342758419761,0.0268761184337656
2021-05-02,0,0.000154397250125114,0.0158118450273578,0.0143304189689524,0.0108342889567405,0.0084495115676605,0.0239627251171279,0.0103840146409344,0.0138658056941775,0.0292534929839259
2021-05-03,0,0.000164118295273879,0.0164151079230315,0.0148818347887282,0.0113068638433896,0.00887859142412741,0.0252077986369623,0.0113927462818247,0.0154566537598895,0.0318282359630585
2021-05-04,0,0.000174435851841301,0.0170376854897815,0.015451175645156,0.0117978271686581,0.00932797536099592,0.0265119775108884,0.0124968991921611,0.0172232907584828,0.0346146191706843
2021-05-05,0,0.000185386545025488,0.0176801656886144,0.0160389998660413,0.0123078717182994,0.00979859949402329,0.0278778251647413,0.0137050400888624,0.019183598192158,0.03762758345969
2021-05-06,0,0.000197009244617657,0.0183431517218279,0.0166458809483324,0.0128377140677336,0.0102914402961443,0.0293079911471226,0.0150264140957418,0.0213569221475699,0.0408827072952536
2021-05-07,0,0.000209345202036432,0.0190272622456358,0.0172724078162929,0.0133880952104928,0.0108075160619056,0.0308052114827777,0.0164709806839514,0.023764112638155,0.0443961622631772
2021-05-08,0,0.000222438195661445,0.0197331315719524,0.0179191850725272,0.0139597811871758,0.0113478883971912,0.0323723087242528,0.0180494478786867,0.0264275439627923,0.0481846540225401
2021-05-09,0,0.00023633468496039,0.0204614098580439,0.0185868332407482,0.0145535637132239,0.0119136637314927,0.0340121916675165,0.0197733037983389,0.0293711109950703,0.0522653472711223
2021-05-10,0,0.000251083973932039,0.0212127632826702,0.0192759889991,0.0151702608036568,0.0125059948495403,0.035727854695317,0.0216548444300631,0.0326201958337247,0.0566557734318419
2021-05-11,0,0.000266738384417544,0.0219878742072659,0.0199873054027749,0.0158107173927316,0.0131260824386251,0.0375223767102,0.0237071963735746,0.0362015988986663,0.0613737199844722
2021-05-12,0,0.000283353439863723,0.0227874413206227,0.0207214520945782,0.0164758059462948,0.0137751766474243,0.0393989196173736,0.0259443331068955,0.0401434284204701,0.0664371006673433
2021-05-13,0,0.000300988060155018,0.0236121797654554,0.0214791155020187,0.0171664270643984,0.0144545786515678,0.0413607263160194,0.0283810831494979,0.0444749424257576,0.0718638061638404
2021-05-14,0,0.000319704768165432,0.0244628212451427,0.0222609990194114,0.0178835100715355,0.0151656422205765,0.043411118156238,0.031033128327498,0.0492263378526501,0.0776715353693629
2021-05-15,0,0.000339569908718127,0.0253401141088488,0.0230678231733947,0.0186280135916309,0.0159097752801343,0.0455534918176534,0.0339169901921151,0.0544284824219187,0.0838776079016445
2021-05-16,0,0.000360653880678487,0.0262448234131436,0.0239003257701725,0.0194009261046812,0.0166884414629466,0.0477913155648152,0.0370500025186983,0.0601125864083995,0.0904987591600147
2021-05-17,0,0.000383031382946419,0.0271777309581439,0.0247592620226989,0.0202032664816974,0.017503161640672,0.0501281248339959,0.0404502677336664,0.0663098135426558,0.0975509199390077
2021-05-18,0,0.000406781675155476,0.0281396352961127,0.0256454046559305,0.0210360844943396,0.0183555154285958,0.052567517105843,0.0441365950971853,0.0730508329190997,0.105048983332663
2021-05-19,0,0.000431988853930168,0.0291313517103579,0.0265595439881725,0.0219004612953666,0.0192471426538445,0.0551131460186667,0.0481284185282786,0.0803653169281258,0.113006562394553
2021-05-20,0,0.00045874214559848,0.0301537121621822,0.027502487986449,0.0227975098657426,0.0201797447770095,0.0577687146779989,0.0524456921149291,0.0882813937283331,0.121435742705526
2021-05-21,0,0.00048713621630436,0.0312075652035436,0.0284750622937294,0.02372837542395,0.0211550862560743,0.0605379681195063,0.0571087616225125,0.0968250664153267,0.130346834602732
2021-05-22,0,0.000517271500514567,0.0322937758529981,0.0294781102257412,0.0246942357927602,0.0221749958404983,0.0634246848844538,0.0621382107152032,0.10601961453879,0.139748130295244
2021-05-23,0,0.000549254548966025,0.0334132254324059,0.0305124927350041,0.0256963017184007,0.0232413677822291,0.066432667669756,0.0675546811479638,0.115884996629577,0.149645671391339
2021-05-24,0,0.000583198397153493,0.0345668113617984,0.0315790883396153,0.0267358171367434,0.0243561629492747,0.0695657330182922,0.073378666875771,0.12643727456411,0.16004303245527
2021-05-25,0,0.000619222955513086,0.0357554469097204,0.0326787930142249,0.027814059380812,0.0255214098262848,0.0728277000196575,0.0796302828569678,0.137688081581001,0.170941126072657
2021-05-26,0,0.000657455422514829,0.0369800608962823,0.0338125200405357,0.0289323393235768,0.026739205385364,0.0762223779969221,0.0863290102827262,0.149644155319137,0.182338034523688
2021-05-27,0,0.000698030721936953,0.038241597346085,0.034981199814574,0.0300920014496747,0.0280117158090761,0.0797535531613403,0.0934934210149167,0.162306955239696,0.194228872548961
2021-05-28,0,0.000741091965656003,0.0395410150881114,0.0361857796078822,0.0312944238493537,0.0293411770463048,0.0834249742243037,0.101140885116598,0.175672380263814,0.206605684869095
2021-05-29,0,0.000786790943349881,0.0408792872996164,0.0374272232796975,0.0325410181276093,0.0307298951803219,0.0872403369642102,0.10928726645574,0.189730597619958,0.219457381127754
2021-05-30,0,0.000835288640575521,0.0422574009909965,0.0387065109370997,0.0338332292211481,0.032180246587088,0.0912032677553209,0.117946612385445,0.204465988134341,0.232769709824829
2021-05-31,0,0.000886755786748878,0.0436763564285725,0.0400246385400304,0.0351725351154873,0.0336946778604825,0.0953173060760935,0.127130844377473,0.219857207023122,0.246525271657834
2021-06-01,0,0.000941373434621989,0.0451371664921864,0.0413826174480206,0.0365604464541855,0.0352757054798542,0.0995858860258804,0.136849457134051,0.235877353226264,0.260703571565408
2021-06-02,0,0.00099933357291984,0.0466408559644931,0.0427814739053961,0.0379985060318928,0.0369259151939981,0.10401231689121,0.14710923405548,0.25249423501448,0.275281107734905
2021-06-03,0,0.00106083977386826,0.0481884607488119,0.0442222484616814,0.0394882881626244,0.0386479610944391,0.10859976281606,0.157913986942333,0.26967071546876,0.290231494956413
2021-06-04,0,0.00112610787741263,0.0497810270124154,0.0457059953238777,0.041031397914394,0.0404445643497409,0.113351221644441,0.169264327427222,0.287365118797515,0.305525619024415
2021-06-05,0,0.00119536671399558,0.0514196102521458,0.0472337816372616,0.0426294702011053,0.042318511571495,0.118269503018186,0.181157476856798,0.305531677463627,0.32113181843509
2021-06-06,0,0.00126885886782898,0.0531052742792924,0.0488066866913324,0.0442841687223876,0.0442726527816981,0.123357205827796,0.193587120206597,0.324121000707538,0.337016089412035
2021-06-07,0,0.0013468414826617,0.0548390901207183,0.0504258010475355,0.0459971847418931,0.0463098989504312,0.128616695129486,0.206543308168471,0.343080547082355,0.353142310307014
2021-06-08,0,0.00142958711210766,0.0566221348333,0.0520922255854018,0.0477702356944391,0.0484332190721358,0.13405007865685,0.220012409890453,0.362355086758029,0.369472481638874
2021-06-09,0,0.00151738461665955,0.0584554902288455,0.0538070704637774,0.0496050636122996,0.0506456367483794,0.139659183070712,0.233977117081441,0.381887143235216,0.3859669784124
2021-06-10,0,0.00161054010956928,0.0603402415067777,0.0555714539938683,0.051503433360924,0.0529502262448483,0.145445530105352,0.248416498438538,0.401617408350835,0.402584811848855
2021-06-11,0,0.0017093779538274,0.0622774757920194,0.0573865014209006,0.0534671306743976,0.0553501079904378,0.151410312783247,0.263306101733788,0.42148512869494,0.419283898205225
2021-06-12,0,0.00181424181251771,0.0642682805756893,0.0592533436112928,0.0554979599810643,0.0578484434867682,0.157554371883352,0.278618099517155,0.441428465480179,0.436021332902541
2021-06-13,0,0.00192549575485945,0.0663137420564259,0.0611731156423612,0.0575977420099159,0.0604484295972827,0.16387817285954,0.294321473339356,0.461384833260188,0.452753668671553
2021-06-14,0,0.00204352542027555,0.0684149433803866,0.0631469552917262,0.0597683111686235,0.0631532921863151,0.170381783415753,0.310382230726506,0.481291225494488,0.469437196809789
2021-06-15,0,0.00216873924284009,0.0705729627782373,0.0651760014237691,0.0620115126844445,0.0659662790802025,0.177064851952494,0.326763648869363,0.501084536674811,0.486028230891125
2021-06-16,0,0.00230156973845832,0.0727888715977456,0.0672613922706968,0.0643291994997057,0.0688906523246925,0.183926587105136,0.343426539109695,0.520701891479917,0.50248339235305
2021-06-17,0,0.00244247485711706,0.0750637322309229,0.0694042636060123,0.0667232289141318,0.0719296797156013,0.190965738597974,0.360329526770529,0.540080991173158,0.518759897297062
2021-06-18,0,0.00259193940250817,0.0773985959350282,0.0716057468084655,0.0691954589669785,0.0750866255829516,0.198180579638734,0.377429341616424,0.559160486197559,0.534815843577745
2021-06-19,0,0.00275047652127064,0.0797945005471526,0.0738669668148693,0.0717477445527387,0.0783647408126922,0.205568891076219,0.394681115158001,0.577880381695924,0.550610496843917
2021-06-20,0,0.00291862926401437,0.0822524680925399,0.0761890399605135,0.0743819332651326,0.0817672520946024,0.213127947538785,0.412038682036568,0.596182479575247,0.566104573662269
2021-06-21,0,0.00309697222017641,0.0847735022872801,0.0785730717062941,0.0770998609651729,0.0852973503901318,0.220854505763293,0.42945488374358,0.614010856890649,0.581260519243384
2021-06-22,0,0.0032861132286149,0.0873585859365259,0.081020154252101,0.0799033470703108,0.0889581786197416,0.228744795313125,0.446881873856098,0.631312375957537,0.596042776654839
2021-06-23,0,0.00348669516566219,0.090008678229933,0.0835313640364718,0.0827941895630414,0.092752818575791,0.2367945118697,0.464271424724953,0.648037216998215,0.610418043805051
2021-06-24,0,0.00369939781213132,0.0927247119366172,0.0861077591230225,0.0857741597188553,0.0966842770741546,0.244998813264896,0.481575236074873,0.664139419645399,0.624355513975639
2021-06-25,0,0.00392493980049392,0.0955075905025419,0.0887503764747144,0.0888449965550959,0.100755471365543,0.253352318401947,0.498745246221853,0.679577415664142,0.637827095327568
2021-06-26,0,0.00416408064311648,0.0983581850539092,0.091460229117601,0.0920084010040963,0.104969213835897,0.261849109189973,0.51573394655996,0.694314532235541,0.650807604657614
2021-06-27,0,0.00441762284204885,0.101277331310822,0.0942383031963242,0.095266029815938,0.109328196034178,0.270482735592598,0.532494699616502,0.708319443458722,0.663274930774614
2021-06-28,0,0.00468641408039681,0.104265826416205,0.0970855549242975,0.0986194891982907,0.113834972075376,0.279246223864378,0.548982060342211,0.721566547673835,0.675210163220451
2021-06-29,0,0.00497134949477164,0.107324425685714,0.100002907432215,0.102070328203043,0.11849194147641,0.288132088020396,0.565152099434355,0.734036249949626,0.686597682679927
2021-06-30,0,0.00527337402768555,0.110453839285161,0.102991247519266,0.105620031871831,0.123301331492855,0.297132344554716,0.580962726448319,0.745715132594588,0.697425210286527
2021-07-01,0,0.00559348485804307,0.113654728842748,0.10605142231221,0.109270014155064,0.128265179034884,0.306238530392835,0.596374009317595,0.756596001620908,0.707683814097354
2021-07-02,0,0.00593273390705638,0.11692770400424,0.109184235838272,0.113021610621697,0.133385312251324,0.315441724032269,0.611348485767107,0.76667780330859,0.717367872222308
2021-07-03,0,0.00629223041597626,0.120273318940014,0.112390445518641,0.116876070979679,0.138663331881275,0.324732569794316,0.625851461072259,0.775965411832385,0.726474993379468
2021-07-04,0,0.00667314359096935,0.123692068813777,0.115670758590246,0.120834551429819,0.144100592482975,0.334101305079309,0.639851285788174,0.784469295701929,0.735005896933444
2021-07-05,0,0.00707670530927655,0.127184386223541,0.119025828464297,0.124898106878639,0.149698183659581,0.34353779048768,0.653319606544654,0.792205076909604,0.742964255679412
2021-07-06,0,0.00750421287944418,0.130750637626323,0.122456251031053,0.129067683038666,0.15545691141084,0.353031542640314,0.666231582849452,0.799193001655324,0.750356505692851
2021-07-07,0,0.00795703184691907,0.134391119758792,0.125962560921093,0.133344108447481,0.161377279748303,0.362571769504228,0.678566063116818,0.80545734495151,0.757191628416564
2021-07-08,0,0.00843659883462802,0.138106056066941,0.129545227734346,0.137728086439673,0.167459472719428,0.372147408004082,0.690305713858239,0.811025773125119,0.763480910762615
2021-07-09,0,0.0089444244063121,0.141895593158593,0.133204652248971,0.142220187108671,0.173703336992509,0.381747163676474,0.701437097119034,0.815928688243525,0.769237689346701
2021-07-10,0,0.00948209593834424,0.145759797293299,0.136941162623115,0.146820839298075,0.180108365159673,0.391359552102859,0.711950692761433,0.820198576985425,0.774477085045426
2021-07-11,0,0.0100512804835166,0.149698650924879,0.140755010603404,0.151530322664692,0.186673679919035,0.400972941838352,0.721840863991431,0.823869383770544,0.779215733889818
2021-07-12,0,0.0106537276078335,0.153712049312491,0.144646367754898,0.156348759857876,0.193398019299291,0.410575598537891,0.731105766486321,0.826975924435296,0.783471519913059
2021-07-13,0,0.0112912721786783,0.157799797216709,0.14861532172801,0.161276108861953,0.200279723090485,0.420155729968413,0.739747203470419,0.829553352791152,0.787263314998841
2021-07-14,0,0.0119658370798374,0.161961605697571,0.152661872578682,0.166312155550454,0.207316720643243,0.429701531585897,0.7477704309739,0.831636688390109,0.790610730077171
2021-07-15,0,0.0126794358257543,0.166197089032036,0.156785929158779,0.171456506502559,0.214506520195334,0.43920123234958,0.75518391917045,0.833260410043005,0.793533881236333
2021-07-16,0,0.0134341750440629,0.170505761768594,0.160987305594329,0.176708582133451,0.221846199878989,0.448643140442326,0.76199907702272,0.834458116304911,0.79605317351011
2021-07-17,0,0.014232256791906,0.174887035937049,0.165265717869793,0.18206761019132,0.229332400554879,0.458015688566086,0.768229948400045,0.835262251385908,0.798189104300121
2021-07-18,0,0.0150759806678073,0.179340218431648,0.169620780537018,0.187532619674277,0.236961320609061,0.467307478484741,0.773892888336121,0.835703892817433,0.799962087638484
2021-07-19,0,0.0159677456769422,0.183864508585752,0.174052003567939,0.193102435220662,0.244728712837643,0.476507324493243,0.779006228166202,0.835812595694376,0.801392299811999
2021-07-20,0,0.0169100518035722,0.188458995956188,0.178558789370362,0.198775672025897,0.252629883530356,0.485604295501854,0.783589937957172,0.83561628736756,0.802499546273183
2021-07-21,0,0.0179055012402088,0.193122658335211,0.183140429986353,0.204550731338276,0.260659693848913,0.49458775543745,0.78766529397828,0.835141205999123,0.803303149265295
2021-07-22,0,0.0189567992187886,0.19785436000768,0.187796104492797,0.210425796584838,0.268812563578972,0.503447401680011,0.791254558031305,0.834411876321364,0.803821855190752
2021-07-23,0,0.0200667543848407,0.202652850270595,0.192524876623642,0.216398830176653,0.27708247731606,0.512173301271622,0.794380674350556,0.833451116163286,0.804073760452093
2021-07-24,0,0.0212382786513604,0.207516762231549,0.197325692633136,0.222467571040588,0.285462993125957,0.520755924657199,0.797066988579572,0.832280067740954,0.804076254285022
2021-07-25,0,0.0224743864649655,0.212444611901905,0.202197379419004,0.22862953292177,0.293947253699264,0.529186176740588,0.799336992109887,0.830918248271739,0.803845976974053
2021-07-26,0,0.0237781934129812,0.217434797599653,0.207138642924063,0.234882003497631,0.302527999998153,0.537455425066404,0.801214093893124,0.829383615106375,0.803398791781667
2021-07-27,0,0.0251529140965004,0.222485599675877,0.212148066834108,0.24122204434057,0.311197587371186,0.545555524966609,0.80272142076193,0.827692641227957,0.802749768919483
2021-07-28,0,0.0266018591913006,0.22759518057762,0.217224111589142,0.247646491761924,0.31994800408957,0.553478841541044,0.803881646353037,0.825860397608225,0.80191317993313
2021-07-29,0,0.0281284316159306,0.232761585258666,0.222365113724073,0.25415195856513,0.328770892235845,0.561218268372601,0.804716847937457,0.823900639514343,0.800902500950062
2021-07-30,0,0.0297361217244365,0.237982741948319,0.227569285553929,0.260734836730719,0.337657570853825,0.568767242909907,0.805248389835893,0.821825894408844,0.799730423341748
2021-07-31,0,0.0314285014402607,0.243256463286775,0.232834715217404,0.267391301050155,0.346599061247062,0.576119758482998,0.805496831628402,0.819647549573609,0.798408870469781
2021-08-01,0,0.0332092172479933,0.248580447833978,0.238159367091166,0.274117313719529,0.355586114292354,0.58327037294991,0.805481859045029,0.817375938013169,0.796949019312476
2021-08-02,0,0.0350819819610659,0.253952281957157,0.243541082585856,0.280908629897858,0.364609239615176,0.590214214004047,0.80522223523187,0.815020421554531,0.795361325898476
2021-08-03,0,0.0370505651863511,0.259369442100349,0.248977581333022,0.287760804228158,0.37365873645554,0.596946981203051,0.804735770005353,0.812589470363916,0.793655553602511
2021-08-04,0,0.0391187824111603,0.264829297437295,0.254466462770498,0.29466919831281,0.38272472603602,0.60346494480938,0.804039304715889,0.81009073835048,0.791840803482088
2021-08-05,0,0.0412904826445082,0.270329112907118,0.260005208131806,0.301628989127828,0.391797185228543,0.609764941560362,0.803148710420359,0.807531134129329,0.789925545950482
2021-08-06,0,0.0435695345529114,0.275866052630076,0.265591182843188,0.30863517835382,0.400865981303401,0.615844367510877,0.802078897192732,0.804916887376977,0.787917653189065
2021-08-07,0,0.0459598110415752,0.281437183698643,0.271221639329777,0.315682602594482,0.409920907532772,0.621701168114599,0.800843832567012,0.802253610538028,0.785824431800181
2021-08-08,0,0.0484651722447265,0.287039480337009,0.276893720230244,0.322765944446749,0.418951719412086,0.627333825729729,0.799456567292831,0.799546355937744,0.783652655289833
2021-08-09,0,0.0510894469041711,0.292669828419948,0.282604462017061,0.329879744380041,0.427948171255913,0.632741344752066,0.7979292667801,0.796799668426412,0.781408596047617
2021-08-10,0,0.0538364121329354,0.298325030339907,0.288350799017195,0.337018413375661,0.436900052920685,0.637923234592017,0.796273246806163,0.79401763373261,0.779098056559881
2021-08-11,0,0.0567097715810911,0.304001810209027,0.294129567825818,0.344176246271292,0.445797226404717,0.642879490722615,0.794499012250393,0.79120392273735,0.776726399651483
2021-08-12,0,0.0597131320434813,0.309696819380784,0.299937512103237,0.351347435749774,0.454629662076491,0.64761057403281,0.792616297802202,0.788361831903131,0.774298577602635
2021-08-13,0,0.0628499785739138,0.3154066422739,0.305771287743016,0.358526086906046,0.463387474285192,0.6521173887242,0.790634109756034,0.785494320103788,0.771819160030592
2021-08-14,0,0.0661236481972289,0.321127802479296,0.311627468396936,0.36570623232126,0.472060956112894,0.656401258990226,0.78856076815915,0.782604042105175,0.769292360462477
2021-08-15,0,0.0695373023391591,0.326856769128997,0.31750255134025,0.372881847568807,0.480640613035611,0.660463904714643,0.786403948714178,0.779693378944938,0.766722061555773
2021-08-16,0,0.0730938981236593,0.332589963504199,0.323392963658521,0.380046867073234,0.489117195270559,0.664307416421173,0.78417072395841,0.776764465453527,0.764111838947968
2021-08-17,0,0.0767961587178935,0.338323765858139,0.32929506873527,0.387195200239972,0.497481728599285,0.667934229698798,0.781867603346277,0.773819215149453,0.761464983737004
2021-08-18,0,0.0806465429357105,0.344054522427921,0.335205173017676,0.394320747771337,0.505725543470751,0.671347099317474,0.779500571951174,0.770859342730468,0.758784523610305
2021-08-19,0,0.0846472143405694,0.349778552608219,0.341119533035756,0.401417418082548,0.513840302204781,0.674549073237468,0.777075127579064,0.767886384369779,0.756073242652814
2021-08-20,0,0.0888000101177349,0.355492156258601,0.347034362648729,0.408479143730439,0.521818024134372,0.677543466702291,0.774596316150265,0.764901716013062,0.753333699874126
2021-08-21,0,0.0931064100123731,0.361191621115318,0.35294584049073,0.415499897767292,0.529651108544964,0.680333836590742,0.772068765258888,0.76190656985844,0.750568246502003
2021-08-22,0,0.0975675056541399,0.366873230277622,0.358850117586655,0.422473709932574,0.537332355289688,0.682923956188126,0.769496715862858,0.758902049188073,0.747779042094677
2021-08-23,0,0.102183970609162,0.372533269738126,0.364743325107737,0.429394682596575,0.544854982981546,0.685317790520587,0.766884052092531,0.755889141706792,0.744968069527712
2021-08-24,0,0.106956031516198,0.378168035926358,0.370621582235444,0.436257006371765,0.552212644686235,0.687519472380107,0.764234329193761,0.75286873153051,0.742137148913201
2021-08-25,0,0.111883440674535,0.383773843234503,0.376481004101495,0.443054975310267,0.559399441062486,0.689533279151125,0.761550799643049,0.749841609955052,0.739287950509903
2021-08-26,0,0.116965450456245,0.389347031494382,0.382317709771214,0.449783001609081,0.566409930920238,0.69136361053344,0.758836437488924,0.746808485124634,0.736422006682842
2021-08-27,0,0.122200789914252,0.394883973374964,0.388127830237075,0.456435629748546,0.573239139190201,0.693014967240043,0.756093960985918,0.743769990708562,0.733540722970126
2021-08-28,0,0.127587643950048,0.400381081670188,0.393907516389146,0.463007549994007,0.579882562321253,0.694491930733176,0.753325853596134,0.740726693684802,0.730645388313365
2021-08-29,0,0.133123635390534,0.405834816447505,0.399652946929232,0.469493611195649,0.586336171144241,0.69579914404727,0.750534383439075,0.737679101319881,0.727737184506316
2021-08-30,0,0.138805810302576,0.411241692028423,0.405360336195807,0.475888832826968,0.592596411261932,0.696941293733631,0.747721621273705,0.734627667426114,0.724817194914298
2021-08-31,0,0.144630626846506,0.416598283773385,0.411025941867382,0.48218841620829,0.598660201044753,0.697923092948996,0.74488945709809,0.731572797969424,0.721886412514631
2021-09-01,0,0.150593947936544,0.421901234644506,0.416646072512649,0.488387754868045,0.604524927330354,0.698749265698285,0.742039615451862,0.728514856093858,0.718945747305922
2021-09-02,0,0.156691037937477,0.427147261521102,0.422217094956761,0.494482444001116,0.610188438941739,0.699424532231271,0.739173669505425,0.725454166622489,0.715996033131513
2021-09-03,0,0.162916563583698,0.432333161244469,0.4277354414342,0.500468288990432,0.61564903815353,0.699953595583329,0.736293054017671,0.72239102008845,0.713038033959869
2021-09-04,0,0.169264599259738,0.437455816370062,0.433197616500074,0.506341312964953,0.620905470248705,0.70034112924201,0.733399077241108,0.719325676344506,0.71007244966216
2021-09-05,0,0.175728636731726,0.442512200607012,0.438600203673187,0.512097763374308,0.625956911318862,0.700591765913862,0.730492931849987,0.716258367794717,0.707099921324806
2021-09-06,0,0.182301599367767,0.447499383926833,0.443939871785926,0.517734117567421,0.630802954469501,0.70071008735966,0.727575704963415,0.713189302287343,0.704121036132332
2021-09-07,0,0.188975860833059,0.452414537325205,0.449213381017831,0.523247087369521,0.63544359459813,0.700700615260965,0.724648387331582,0.710118665704169,0.701136331853548
2021-09-08,0,0.195743268193708,0.45725493722274,0.454417588591713,0.528633622658832,0.639879211917085,0.700567803076652,0.721711881749364,0.707046624277846,0.698146300961816
2021-09-09,0,0.202595169312505,0.462017969492846,0.459549454113239,0.533890913950948,0.64411055439488,0.700316028844666,0.718767010757606,0.703973326665608,0.695151394418024
2021-09-10,0,0.209522444371276,0.466701133106904,0.464606044537106,0.539016394005373,0.648138719289855,0.6999495888817,0.715814523688529,0.700898905804804,0.692152025142865
2021-09-11,0,0.216515541308432,0.471302043389231,0.469584538745189,0.544007738474816,0.651965133947813,0.69947269233171,0.712855103107924,0.697823480573068,0.68914857120306
2021-09-12,0,0.223564514917645,0.475818434876461,0.474482231724342,0.548862865623616,0.655591536031554,0.698889456513049,0.709889370703118,0.694747157273593,0.686141378734396
2021-09-13,0,0.23065906931455,0.480248163778169,0.479296538333916,0.553579935147002,0.659019953344796,0.698203903013497,0.706917892662197,0.691670030963836,0.683130764622702
2021-09-14,0,0.23778860344323,0.484589210037708,0.484024996655407,0.558157346127793,0.662252683406083,0.697419954482505,0.70394118458663,0.688592186644105,0.680117018962306
2021-09-15,0,0.244942259263279,0.488839678994353,0.488665270919037,0.562593734171528,0.665292272920182,0.696541432070443,0.700959715976259,0.685513700320737,0.677100407310025
2021-09-16,0,0.252108972231306,0.492997802649832,0.493215154004411,0.566887967764897,0.668141497285357,0.695572053465562,0.69797391432262,0.682434639957059,0.674081172751341
2021-09-17,0,0.259277523668059,0.49706194054435,0.497672569514707,0.571039143905676,0.670803340264901,0.694515431480572,0.694984168843788,0.679355066323945,0.671059537794102
2021-09-18,0,0.266436594583583,0.501030580249018,0.502035573426119,0.575046583055171,0.673280973940707,0.693375073142289,0.691990833891255,0.67627503376053,0.668035706103922
2021-09-19,0,0.273574820518171,0.504902337483398,0.506302355316441,0.578909823466412,0.675577739055634,0.692154379239496,0.688994232056965,0.673194590854565,0.665009864094283
2021-09-20,0,0.280680846946006,0.508675955868512,0.510471239178787,0.582628614943013,0.677697125840089,0.690856644286099,0.685994657006273,0.670113781050869,0.661982182383344
2021-09-21,0,0.287743384781488,0.5123503063272,0.514540683828421,0.586202912084798,0.679642755406913,0.689485056858669,0.682992376060551,0.667032643195476,0.658952817128478
2021-09-22,0,0.294751265525221,0.515924386145085,0.518509282912552,0.589632867076888,0.681418361787313,0.688042700269613,0.679987632551137,0.663951212022243,0.655921911248683
2021-09-23,0,0.301693495587561,0.519397317706691,0.522375764534698,0.592918822079091,0.683027774669552,0.686532553539396,0.676980647964558,0.660869518588016,0.652889595544182
2021-09-24,0,0.308559309332726,0.522768346922352,0.526138990506819,0.596061301272092,0.684474902891323,0.684957492633437,0.67397162389724,0.657787590661771,0.649855989721772
2021-09-25,0,0.315338220395794,0.526036841362551,0.529797955243911,0.599061002616137,0.685763718726504,0.683320291931534,0.670960743836414,0.654705453072594,0.646821203333792
2021-09-26,0,0.322020070838818,0.52920228811712,0.53335178431705,0.601918789376718,0.686898242997182,0.681623625899851,0.66794817478247,0.651623128020851,0.643785336637921
2021-09-27,0,0.328595077730811,0.532264291397455,0.536799732682041,0.604635681470182,0.687882531032755,0.679870070937656,0.664934068726719,0.648540635356438,0.640748481384429
2021-09-28,0,0.335053876759842,0.535222569900405,0.540141182601838,0.607212846680308,0.688720659489385,0.678062107373101,0.661918563997329,0.645457992827591,0.637710721536969
2021-09-29,0,0.341387562513878,0.538076953952905,0.543375641281743,0.609651591794675,0.689416714035337,0.676202121584353,0.658901786485077,0.642375216303365,0.634672133932479
2021-09-30,0,0.347587725100507,0.540827382456694,0.546502738237079,0.611953353707208,0.689974777900632,0.67429240822434,0.655883850759563,0.639292319972571,0.631632788885309
2021-10-01,0,0.353646482813983,0.543473899652543,0.549522222413555,0.614119690530663,0.690398921283139,0.672335172529243,0.652864861085601,0.636209316521661,0.628592750740264
2021-10-02,0,0.359556510601044,0.546016651723469,0.552433959080941,0.616152272759949,0.690693191597588,0.670332532692645,0.649844912348662,0.633126217293782,0.625552078378858
2021-10-03,0,0.36531106412416,0.548455883256251,0.555237926520879,0.61805287452428,0.690861604549091,0.668286522288909,0.646824090897436,0.630043032430996,0.62251082568273
2021-10-04,0,0.370903999271701,0.550791933580339,0.557934212529745,0.619823364963092,0.690908136008538,0.666199092730973,0.643802475310916,0.626959771001445,0.619469041957821
2021-10-05,0,0.376329787018203,0.553025233002918,0.560523010757445,0.621465699757586,0.690836714663668,0.664072115749215,0.640780137096718,0.62387644111306,0.616426772322625
2021-10-06,0,0.38158352359359,0.555156298958432,0.563004616902831,0.622981912846638,0.690651215416688,0.66190738587944,0.637757141326773,0.620793050015224,0.613384058063554
2021-10-07,0,0.386660935976733,0.55718573209037,0.565379424786125,0.624374108352752,0.690355453496929,0.659706622949353,0.634733547215992,0.617709604189678,0.610340936960186
2021-10-08,0,0.391558382785156,0.559114212282506,0.567647922318355,0.625644452740637,0.689953179255239,0.657471474554062,0.631709408648989,0.614626109431805,0.607297443582947
2021-10-09,0,0.39627285068763,0.560942494656102,0.569810687387265,0.626795167228057,0.689448073605485,0.655203518512311,0.628684774659522,0.611542570923301,0.604253609565547
2021-10-10,0,0.400801946518871,0.562671405548877,0.57186838367858,0.627828520465655,0.688843744077634,0.65290426529613,0.625659689866865,0.60845899329716,0.601209463854323
2021-10-11,0,0.405143885324308,0.56430183849075,0.573821756450823,0.628746821499699,0.688143721446468,0.650575160427569,0.622634194872985,0.605375380695773,0.598165032936428
2021-10-12,0,0.409297474606922,0.565834750190533,0.575671628281116,0.629552413029024,0.687351456899828,0.64821758683705,0.619608326624029,0.602291736822877,0.59512034104866
2021-10-13,0,0.41326209508659,0.567271156546924,0.5774188947986,0.630247664964903,0.686470319710523,0.645832867178645,0.616582118739316,0.599208064990005,0.592075410368579
2021-10-14,0,0.417037678314438,0.568612128696236,0.579064520421224,0.630834968300221,0.685503595376507,0.643422266098336,0.613555601810758,0.596124368158018,0.589030261189399
2021-10-15,0,0.420624681509902,0.569858789108438,0.580609534110764,0.631316729292109,0.684454484194647,0.640986992451971,0.610528803675355,0.593040648974233,0.585984912080042
2021-10-16,0,0.424024060006138,0.571012307742151,0.58205502515999,0.631695363960091,0.683326100234321,0.638528201470197,0.607501749663183,0.589956909805634,0.582939380031602
2021-10-17,0,0.427237237700101,0.572073898268344,0.583402139024922,0.631973292899961,0.68212147067816,0.636046996868235,0.604474462823079,0.586873152768548,0.579893680591377
2021-10-18,0,0.430266075907016,0.573044814371606,0.584652073214181,0.632152936411832,0.680843535498465,0.633544432898807,0.601446964128022,0.583789379755194,0.576847827985526
2021-10-19,0,0.433112841015456,0.573926346136912,0.585806073246404,0.632236709939246,0.679495147439123,0.63102151634698,0.598419272662032,0.580705592457411,0.5738018352313
2021-10-20,0,0.43578017132935,0.574719816529011,0.586865428685773,0.632227019814831,0.678079072274261,0.628479208466084,0.595391405790257,0.577621792387879,0.570755714239756
2021-10-21,0,0.438271043467483,0.575426577970643,0.587831469264697,0.632126259306745,0.676597989316311,0.625918426854176,0.592363379313751,0.574537980899091,0.567709475909739
2021-10-22,0,0.440588738670262,0.576048009025003,0.588705561101732,0.631936804959053,0.675054492147617,0.623340047270878,0.589335207610319,0.571454159200316,0.564663130213884
2021-10-23,0,0.442736809338519,0.576585511187069,0.589489103021932,0.63166101321822,0.673451089551234,0.620744905394633,0.586306903762686,0.568370328372764,0.561616686277318
2021-10-24,0,0.444719046100734,0.577040505787629,0.59018352298584,0.631301217337136,0.671790206618055,0.618133798520704,0.583278479675133,0.56528648938315,0.55857015244967
2021-10-25,0,0.446539445674234,0.577414431013134,0.590790274632531,0.630859724547355,0.670074186008848,0.615507487200413,0.580249946179622,0.562202643095816,0.555523536370967
2021-10-26,0,0.448202179753497,0.577708739043796,0.591310833941208,0.630338813489733,0.668305289351291,0.612866696822329,0.577221313132383,0.559118790283572,0.552476845031937
2021-10-27,0,0.449711565125483,0.577924893311698,0.591746696015074,0.629740731893188,0.666485698753463,0.610212119136234,0.574192589501783,0.556034931637391,0.549430084829177
2021-10-28,0,0.451072035178714,0.578064365880081,0.592099371990432,0.629067694490961,0.664617518416639,0.607544413720855,0.571163783448305,0.552951067775072,0.546383261615651
2021-10-29,0,0.452288112940277,0.578128634944382,0.592370386073227,0.62832188116357,0.662702776331582,0.604864209396446,0.568134902397309,0.549867199248992,0.54333638074688
2021-10-30,0,0.453364385743629,0.578119182455068,0.592561272704561,0.627505435297456,0.660743426043773,0.602172105583402,0.565105953105252,0.546783326553034,0.540289447123217
2021-10-31,0,0.454305481600516,0.578037491861841,0.592673573856082,0.626620462348295,0.658741348474235,0.599468673608162,0.562076941719934,0.543699450128777,0.537242465228535
2021-11-01,0,0.45511604732286,0.577885045978291,0.592708836455527,0.625669028597957,0.656698353783801,0.596754457957712,0.559047873835328,0.54061557037104,0.534195439165611
2021-11-02,0,0.455800728415403,0.577663324965722,0.59266860994218,0.624653160094149,0.654616183269722,0.594029977484065,0.556018754541465,0.537531687632831,0.531148372688524
2021-11-03,0,0.456364150737372,0.577373804434448,0.592554443951458,0.623574841761941,0.65249651128458,0.591295726560107,0.552989588469832,0.534447802229776,0.528101269232282
2021-11-04,0,0.456810903911647,0.577017953660561,0.592367886127416,0.622436016676545,0.650340947168432,0.588552176188243,0.549960379834674,0.531363914444075,0.525054131939943
2021-11-05,0,0.457145526442729,0.576597233915854,0.592110480061502,0.621238585486942,0.648151037186035,0.585799775063282,0.546931132470586,0.528280024528047,0.522006963687425
2021-11-06,0,0.457372492490389,0.576113096908331,0.591783763355552,0.619984405980227,0.645928266461825,0.583038950591009,0.543901849866706,0.525196132707288,0.518959767106213
2021-11-07,0,0.457496200233918,0.575566983330499,0.591389265806636,0.618675292776833,0.643674060906163,0.580270109863901,0.540872535197839,0.522112239183504,0.515912544604131
2021-11-08,0,0.457520961752417,0.574960321512447,0.590928507711114,0.617313017147113,0.64138978912705,0.577493640595423,0.537843191352776,0.519028344137043,0.51286529838435
2021-11-09,0,0.457450994339337,0.574294526176553,0.590402998284948,0.615899306940101,0.639076764322243,0.57470991201435,0.534813820960055,0.515944447729153,0.509818030462787
2021-11-10,0,0.457290413164266,0.573570997290509,0.589814234197141,0.614435846615647,0.636736246147292,0.571919275720515,0.531784426411408,0.512860550104006,0.506770742684012
2021-11-11,0,0.457043225191641,0.572791119015268,0.58916369821294,0.612924277371461,0.634369442555631,0.5691220665034,0.528755009883096,0.509776651390508,0.503723436735819
2021-11-12,0,0.456713324264347,0.571956258744401,0.58845285794331,0.611366197357003,0.631977511607381,0.566318603124933,0.525725573355318,0.506692751703911,0.500676114162547
2021-11-13,0,0.456304487259895,0.571067766231322,0.587683164697046,0.609763161966525,0.629561563243996,0.563509189067839,0.522696118629875,0.503608851147267,0.49762877637727
2021-11-14,0,0.455820371227812,0.570126972800767,0.586856052431774,0.608116684203954,0.627122661026359,0.560694113250869,0.519666647346241,0.50052494981271,0.494581424672962
2021-11-15,0,0.455264511418821,0.569135190640925,0.585972936800048,0.606428235112701,0.624661823834315,0.557873650712199,0.516637160996188,0.49744104778262,0.491534060232694
2021-11-16,0,0.454640320119192,0.568093712172579,0.585035214286673,0.604699244263825,0.622180027526013,0.555048063262245,0.51360766093709,0.494357145130652,0.488486684138985
2021-11-17,0,0.453951086207098,0.567003809491667,0.584044261433356,0.602931100296403,0.619678206555758,0.552217600107123,0.510578148404034,0.491273241922663,0.485439297382342
2021-11-18,0,0.453199975351749,0.565866733881665,0.5830014341468,0.601125151504272,0.617157255549371,0.549382498443954,0.507548624520836,0.488189338217533,0.482391900869082
2021-11-19,0,0.452390030780463,0.564683715392263,0.581908067086329,0.599282706463699,0.614618030836346,0.546542984029141,0.504519090310064,0.485105434067909,0.47934449542849
2021-11-20,0,0.451524174543347,0.563455962480843,0.580765473127204,0.597405034696871,0.612061351938312,0.543699271720765,0.50148954670216,0.482021529520862,0.476297081819364
2021-11-21,0,0.450605209210044,0.562184661713332,0.579574942895777,0.595493367366432,0.609488003013531,0.540851565996172,0.498459994543741,0.478937624618477,0.473249660736006
2021-11-22,0,0.44963581993775,0.560870977521078,0.578337744372734,0.593548897996607,0.606898734257381,0.538000061445783,0.495430434605151,0.475853719398386,0.470202232813705
2021-11-23,0,0.448618576854493,0.559516052010485,0.577055122560709,0.591572783216806,0.60429426325891,0.535144943244173,0.492400867587328,0.472769813894231,0.467154798633753
2021-11-24,0,0.447555937706299,0.558121004822203,0.575728299212646,0.589566143523825,0.601675276313722,0.532286387599356,0.489371294128066,0.469685908136096,0.464107358728033
2021-11-25,0,0.446450250721478,0.556686933036797,0.574358472617358,0.587530064059146,0.599042429693572,0.529424562181253,0.486341714807693,0.466602002150875,0.461059913583221
2021-11-26,0,0.445303757649571,0.555214911123886,0.572946817438829,0.585465595398004,0.596396350873183,0.526559626530223,0.483312130154257,0.463518095962617,0.458012463644626
2021-11-27,0,0.444118596936735,0.553705990931858,0.571494484605915,0.583373754347248,0.593737639714885,0.523691732446549,0.480282540648232,0.460434189592822,0.454965009319706
2021-11-28,0,0.442896807003241,0.55216120171536,0.570002601249174,0.581255524749188,0.591066869611748,0.520821024361711,0.477252946726804,0.457350283060716,0.451917550981289
2021-11-29,0,0.441640329592507,0.550581550197881,0.568472270681697,0.579111858288912,0.588384588589998,0.517947639692254,0.47422334878777,0.454266376383487,0.44887008897051
2021-11-30,0,0.440351013164567,0.548968020666838,0.566904572420902,0.576943675302744,0.585691320371511,0.515071709177034,0.471193747193092,0.451182469576503,0.445822623599513
